ID,Email,TargetID
OMNI-WS-001,jasonnorman66994+1@gmail.com,TID-0001
OMNI-WS-002,jasonnorman66994+2@gmail.com,TID-0002
OMNI-WS-003,jasonnorman66994+3@gmail.com,TID-0003
OMNI-WS-004,jasonnorman66994+4@gmail.com,TID-0004
OMNI-WS-005,jasonnorman66994+5@gmail.com,TID-0005
OMNI-WS-006,jasonnorman66994+6@gmail.com,TID-0006
OMNI-WS-007,jasonnorman66994+7@gmail.com,TID-0007
OMNI-WS-008,jasonnorman66994+8@gmail.com,TID-0008
OMNI-WS-009,jasonnorman66994+9@gmail.com,TID-0009
OMNI-WS-010,jasonnorman66994+10@gmail.com,TID-0010
OMNI-WS-011,jasonnorman66994+11@gmail.com,TID-0011
OMNI-WS-012,jasonnorman66994+12@gmail.com,TID-0012
OMNI-WS-013,jasonnorman66994+13@gmail.com,TID-0013
OMNI-WS-014,jasonnorman66994+14@gmail.com,TID-0014
OMNI-WS-015,jasonnorman66994+15@gmail.com,TID-0015
OMNI-WS-016,jasonnorman66994+16@gmail.com,TID-0016
OMNI-WS-017,jasonnorman66994+17@gmail.com,TID-0017
OMNI-WS-018,jasonnorman66994+18@gmail.com,TID-0018
OMNI-WS-019,jasonnorman66994+19@gmail.com,TID-0019
OMNI-WS-020,jasonnorman66994+20@gmail.com,TID-0020
OMNI-WS-021,jasonnorman66994+21@gmail.com,TID-0021
OMNI-WS-022,jasonnorman66994+22@gmail.com,TID-0022
OMNI-WS-023,jasonnorman66994+23@gmail.com,TID-0023
OMNI-WS-024,jasonnorman66994+24@gmail.com,TID-0024
OMNI-WS-025,jasonnorman66994+25@gmail.com,TID-0025
OMNI-WS-026,jasonnorman67889+26@gmail.com,TID-0026
OMNI-WS-027,jasonnorman67889+27@gmail.com,TID-0027
OMNI-WS-028,jasonnorman67889+28@gmail.com,TID-0028
OMNI-WS-029,jasonnorman67889+29@gmail.com,TID-0029
OMNI-WS-030,jasonnorman67889+30@gmail.com,TID-0030
OMNI-WS-031,jasonnorman67889+31@gmail.com,TID-0031
OMNI-WS-032,jasonnorman67889+32@gmail.com,TID-0032
OMNI-WS-033,jasonnorman67889+33@gmail.com,TID-0033
OMNI-WS-034,jasonnorman67889+34@gmail.com,TID-0034
OMNI-WS-035,jasonnorman67889+35@gmail.com,TID-0035
OMNI-WS-036,jasonnorman67889+36@gmail.com,TID-0036
OMNI-WS-037,jasonnorman67889+37@gmail.com,TID-0037
OMNI-WS-038,jasonnorman67889+38@gmail.com,TID-0038
OMNI-WS-039,jasonnorman67889+39@gmail.com,TID-0039
OMNI-WS-040,jasonnorman67889+40@gmail.com,TID-0040
OMNI-WS-041,jasonnorman67889+41@gmail.com,TID-0041
OMNI-WS-042,jasonnorman67889+42@gmail.com,TID-0042
OMNI-WS-043,jasonnorman67889+43@gmail.com,TID-0043
OMNI-WS-044,jasonnorman67889+44@gmail.com,TID-0044
OMNI-WS-045,jasonnorman67889+45@gmail.com,TID-0045
OMNI-WS-046,jasonnorman67889+46@gmail.com,TID-0046
OMNI-WS-047,jasonnorman67889+47@gmail.com,TID-0047
OMNI-WS-048,jasonnorman67889+48@gmail.com,TID-0048
OMNI-WS-049,jasonnorman67889+49@gmail.com,TID-0049
OMNI-WS-050,jasonnorman67889+50@gmail.com,TID-0050
OMNI-WS-010,jasonnorman66994+10@gmail.com,TID-0010
OMNI-WS-011,jasonnorman66994+11@gmail.com,TID-0011
OMNI-WS-012,jasonnorman66994+12@gmail.com,TID-0012
OMNI-WS-013,jasonnorman66994+13@gmail.com,TID-0013
OMNI-WS-014,jasonnorman66994+14@gmail.com,TID-0014
OMNI-WS-015,jasonnorman66994+15@gmail.com,TID-0015
OMNI-WS-016,jasonnorman66994+16@gmail.com,TID-0016
OMNI-WS-017,jasonnorman66994+17@gmail.com,TID-0017
OMNI-WS-018,jasonnorman66994+18@gmail.com,TID-0018
OMNI-WS-019,jasonnorman66994+19@gmail.com,TID-0019
OMNI-WS-020,jasonnorman66994+20@gmail.com,TID-0020
OMNI-WS-021,jasonnorman66994+21@gmail.com,TID-0021
OMNI-WS-022,jasonnorman66994+22@gmail.com,TID-0022
OMNI-WS-023,jasonnorman66994+23@gmail.com,TID-0023
OMNI-WS-024,jasonnorman66994+24@gmail.com,TID-0024
OMNI-WS-025,jasonnorman66994+25@gmail.com,TID-0025
OMNI-WS-026,jasonnorman66994+26@gmail.com,TID-0026
OMNI-WS-027,jasonnorman66994+27@gmail.com,TID-0027
OMNI-WS-028,jasonnorman66994+28@gmail.com,TID-0028
OMNI-WS-029,jasonnorman66994+29@gmail.com,TID-0029
OMNI-WS-030,jasonnorman66994+30@gmail.com,TID-0030
OMNI-WS-031,jasonnorman66994+31@gmail.com,TID-0031
OMNI-WS-032,jasonnorman66994+32@gmail.com,TID-0032
OMNI-WS-033,jasonnorman66994+33@gmail.com,TID-0033
OMNI-WS-034,jasonnorman66994+34@gmail.com,TID-0034
OMNI-WS-035,jasonnorman66994+35@gmail.com,TID-0035
OMNI-WS-036,jasonnorman66994+36@gmail.com,TID-0036
OMNI-WS-037,jasonnorman66994+37@gmail.com,TID-0037
OMNI-WS-038,jasonnorman66994+38@gmail.com,TID-0038
OMNI-WS-039,jasonnorman66994+39@gmail.com,TID-0039
OMNI-WS-040,jasonnorman66994+40@gmail.com,TID-0040
OMNI-WS-041,jasonnorman66994+41@gmail.com,TID-0041
OMNI-WS-042,jasonnorman66994+42@gmail.com,TID-0042
OMNI-WS-043,jasonnorman66994+43@gmail.com,TID-0043
OMNI-WS-044,jasonnorman66994+44@gmail.com,TID-0044
OMNI-WS-045,jasonnorman66994+45@gmail.com,TID-0045
OMNI-WS-046,jasonnorman66994+46@gmail.com,TID-0046
OMNI-WS-047,jasonnorman66994+47@gmail.com,TID-0047
OMNI-WS-048,jasonnorman66994+48@gmail.com,TID-0048
OMNI-WS-049,jasonnorman66994+49@gmail.com,TID-0049
OMNI-WS-050,jasonnorman66994+50@gmail.com,TID-0050
OMNI-WS-001,jasonnorman66994+1@gmail.com,TID-0001
OMNI-WS-002,jasonnorman66994+2@gmail.com,TID-0002
OMNI-WS-003,jasonnorman66994+3@gmail.com,TID-0003
OMNI-WS-004,jasonnorman66994+4@gmail.com,TID-0004
OMNI-WS-005,jasonnorman66994+5@gmail.com,TID-0005
OMNI-WS-006,jasonnorman66994+6@gmail.com,TID-0006
OMNI-WS-007,jasonnorman66994+7@gmail.com,TID-0007
OMNI-WS-008,jasonnorman66994+8@gmail.com,TID-0008
OMNI-WS-009,jasonnorman66994+9@gmail.com,TID-0009
OMNI-WS-010,jasonnorman66994+10@gmail.com,TID-0010
OMNI-WS-011,jasonnorman66994+11@gmail.com,TID-0011
OMNI-WS-012,jasonnorman66994+12@gmail.com,TID-0012
OMNI-WS-013,jasonnorman66994+13@gmail.com,TID-0013
OMNI-WS-014,jasonnorman66994+14@gmail.com,TID-0014
OMNI-WS-015,jasonnorman66994+15@gmail.com,TID-0015
OMNI-WS-016,jasonnorman66994+16@gmail.com,TID-0016
OMNI-WS-017,jasonnorman66994+17@gmail.com,TID-0017
OMNI-WS-018,jasonnorman66994+18@gmail.com,TID-0018
OMNI-WS-019,jasonnorman66994+19@gmail.com,TID-0019
OMNI-WS-020,jasonnorman66994+20@gmail.com,TID-0020
OMNI-WS-021,jasonnorman66994+21@gmail.com,TID-0021
OMNI-WS-022,jasonnorman66994+22@gmail.com,TID-0022
OMNI-WS-023,jasonnorman66994+23@gmail.com,TID-0023
OMNI-WS-024,jasonnorman66994+24@gmail.com,TID-0024
OMNI-WS-025,jasonnorman66994+25@gmail.com,TID-0025
OMNI-WS-026,jasonnorman66994+26@gmail.com,TID-0026
OMNI-WS-027,jasonnorman66994+27@gmail.com,TID-0027
OMNI-WS-028,jasonnorman66994+28@gmail.com,TID-0028
OMNI-WS-029,jasonnorman66994+29@gmail.com,TID-0029
OMNI-WS-030,jasonnorman66994+30@gmail.com,TID-0030
OMNI-WS-031,jasonnorman66994+31@gmail.com,TID-0031
OMNI-WS-032,jasonnorman66994+32@gmail.com,TID-0032
OMNI-WS-033,jasonnorman66994+33@gmail.com,TID-0033
OMNI-WS-034,jasonnorman66994+34@gmail.com,TID-0034
OMNI-WS-035,jasonnorman66994+35@gmail.com,TID-0035
OMNI-WS-036,jasonnorman66994+36@gmail.com,TID-0036
OMNI-WS-037,jasonnorman66994+37@gmail.com,TID-0037
OMNI-WS-038,jasonnorman66994+38@gmail.com,TID-0038
OMNI-WS-039,jasonnorman66994+39@gmail.com,TID-0039
OMNI-WS-040,jasonnorman66994+40@gmail.com,TID-0040
OMNI-WS-041,jasonnorman66994+41@gmail.com,TID-0041
OMNI-WS-042,jasonnorman66994+42@gmail.com,TID-0042
OMNI-WS-043,jasonnorman66994+43@gmail.com,TID-0043
OMNI-WS-044,jasonnorman66994+44@gmail.com,TID-0044
OMNI-WS-045,jasonnorman66994+45@gmail.com,TID-0045
OMNI-WS-046,jasonnorman66994+46@gmail.com,TID-0046
OMNI-WS-047,jasonnorman66994+47@gmail.com,TID-0047
OMNI-WS-048,jasonnorman66994+48@gmail.com,TID-0048
OMNI-WS-049,jasonnorman66994+49@gmail.com,TID-0049
OMNI-WS-050,jasonnorman66994+50@gmail.com,TID-0050
OMNI-WS-001,jasonnorman66994+1@gmail.com,TID-0001
OMNI-WS-002,jasonnorman66994+2@gmail.com,TID-0002
OMNI-WS-003,jasonnorman66994+3@gmail.com,TID-0003
OMNI-WS-004,jasonnorman66994+4@gmail.com,TID-0004
OMNI-WS-005,jasonnorman66994+5@gmail.com,TID-0005
OMNI-WS-006,jasonnorman66994+6@gmail.com,TID-0006
OMNI-WS-007,jasonnorman66994+7@gmail.com,TID-0007
OMNI-WS-008,jasonnorman66994+8@gmail.com,TID-0008
OMNI-WS-009,jasonnorman66994+9@gmail.com,TID-0009
OMNI-WS-010,jasonnorman66994+10@gmail.com,TID-0010
OMNI-WS-011,jasonnorman66994+11@gmail.com,TID-0011
OMNI-WS-012,jasonnorman66994+12@gmail.com,TID-0012
OMNI-WS-013,jasonnorman66994+13@gmail.com,TID-0013
OMNI-WS-014,jasonnorman66994+14@gmail.com,TID-0014
OMNI-WS-015,jasonnorman66994+15@gmail.com,TID-0015
OMNI-WS-016,jasonnorman66994+16@gmail.com,TID-0016
OMNI-WS-017,jasonnorman66994+17@gmail.com,TID-0017
OMNI-WS-018,jasonnorman66994+18@gmail.com,TID-0018
OMNI-WS-019,jasonnorman66994+19@gmail.com,TID-0019
OMNI-WS-020,jasonnorman66994+20@gmail.com,TID-0020
OMNI-WS-021,jasonnorman66994+21@gmail.com,TID-0021
OMNI-WS-022,jasonnorman66994+22@gmail.com,TID-0022
OMNI-WS-023,jasonnorman66994+23@gmail.com,TID-0023
OMNI-WS-024,jasonnorman66994+24@gmail.com,TID-0024
OMNI-WS-025,jasonnorman66994+25@gmail.com,TID-0025
OMNI-WS-026,jasonnorman66994+26@gmail.com,TID-0026
OMNI-WS-027,jasonnorman66994+27@gmail.com,TID-0027
OMNI-WS-028,jasonnorman66994+28@gmail.com,TID-0028
OMNI-WS-029,jasonnorman66994+29@gmail.com,TID-0029
OMNI-WS-030,jasonnorman66994+30@gmail.com,TID-0030
OMNI-WS-031,jasonnorman66994+31@gmail.com,TID-0031
OMNI-WS-032,jasonnorman66994+32@gmail.com,TID-0032
OMNI-WS-033,jasonnorman66994+33@gmail.com,TID-0033
OMNI-WS-034,jasonnorman66994+34@gmail.com,TID-0034
OMNI-WS-035,jasonnorman66994+35@gmail.com,TID-0035
OMNI-WS-036,jasonnorman66994+36@gmail.com,TID-0036
OMNI-WS-037,jasonnorman66994+37@gmail.com,TID-0037
OMNI-WS-038,jasonnorman66994+38@gmail.com,TID-0038
OMNI-WS-039,jasonnorman66994+39@gmail.com,TID-0039
OMNI-WS-040,jasonnorman66994+40@gmail.com,TID-0040
OMNI-WS-041,jasonnorman66994+41@gmail.com,TID-0041
OMNI-WS-042,jasonnorman66994+42@gmail.com,TID-0042
OMNI-WS-043,jasonnorman66994+43@gmail.com,TID-0043
OMNI-WS-044,jasonnorman66994+44@gmail.com,TID-0044
OMNI-WS-045,jasonnorman66994+45@gmail.com,TID-0045
OMNI-WS-046,jasonnorman66994+46@gmail.com,TID-0046
OMNI-WS-047,jasonnorman66994+47@gmail.com,TID-0047
OMNI-WS-048,jasonnorman66994+48@gmail.com,TID-0048
OMNI-WS-049,jasonnorman66994+49@gmail.com,TID-0049
OMNI-WS-050,jasonnorman66994+50@gmail.com,TID-0050
TARGET_005,canary-four@yourdomain.com
TARGET_006,canary-five@yourdomain.com
TARGET_007,canary-six@yourdomain.com
TARGET_008,canary-seven@yourdomain.com
TARGET_009,canary-eight@yourdomain.com
TARGET_010,canary-nine@yourdomain.com
TARGET_011,canary-ten@yourdomain.com
TARGET_012,canary-eleven@yourdomain.com
TARGET_013,canary-twelve@yourdomain.com
TARGET_014,canary-thirteen@yourdomain.com
TARGET_015,canary-fourteen@yourdomain.com
TARGET_016,canary-fifteen@yourdomain.com
TARGET_017,canary-sixteen@yourdomain.com
TARGET_018,canary-seventeen@yourdomain.com
TARGET_019,canary-eighteen@yourdomain.com
TARGET_020,canary-nineteen@yourdomain.com
TARGET_021,canary-twenty@yourdomain.com
TARGET_022,canary-twentyone@yourdomain.com
TARGET_023,canary-twentytwo@yourdomain.com
TARGET_024,canary-twentythree@yourdomain.com
TARGET_025,canary-twentyfour@yourdomain.com
TARGET_026,canary-twentyfive@yourdomain.com
TARGET_027,canary-twentysix@yourdomain.com
TARGET_028,canary-twentyseven@yourdomain.com
TARGET_029,canary-twentyeight@yourdomain.com
TARGET_030,canary-twentynine@yourdomain.com
TARGET_031,canary-thirty@yourdomain.com
TARGET_032,canary-thirtyone@yourdomain.com
TARGET_033,canary-thirtytwo@yourdomain.com
TARGET_034,canary-thirtythree@yourdomain.com
TARGET_035,canary-thirtyfour@yourdomain.com
TARGET_036,canary-thirtyfive@yourdomain.com
TARGET_037,canary-thirtysix@yourdomain.com
TARGET_038,canary-thirtyseven@yourdomain.com
TARGET_039,canary-thirtyeight@yourdomain.com
TARGET_040,canary-thirtynine@yourdomain.com
TARGET_041,canary-forty@yourdomain.com
TARGET_042,canary-fortyone@yourdomain.com
TARGET_043,canary-fortytwo@yourdomain.com
TARGET_044,canary-fortythree@yourdomain.com
TARGET_045,canary-fortyfour@yourdomain.com
TARGET_046,canary-fortyfive@yourdomain.com
TARGET_047,canary-fortysix@yourdomain.com
TARGET_048,canary-fortyseven@yourdomain.com
TARGET_049,canary-fortyeight@yourdomain.com
TARGET_050,canary-fortynine@yourdomain.com
